record_id,db_source,author,year,title,doi,,reviewer1,reviewer2,reviewer3,exclusion_reason
1,PubMed-RCT,Wood E,2023,Wild blueberry (poly)phenols can improve vascular function and cognitive  performance in healthy older individuals: a double-blind randomized controlled trial.,10.1016/j.ajcnut.2023.03.017,,include,include,include,
2,PubMed-RCT,Chiu HF,2022,Improvement on blood pressure and skin using roselle drink: A clinical trial.,10.1111/jfbc.14287,,include,include,include,
3,PubMed-RCT,Tomisawa T,2019,Effects of Blackcurrant Anthocyanin on Endothelial Function and Peripheral  Temperature in Young Smokers.,10.3390/molecules24234295,,include,include,include,
4,PubMed-RCT,do Rosario V,2026,The effect of anthocyanins through diet and supplementation on cognitive function  in older adults: a multi-centre randomised controlled clinical trial.,10.1039/d5fo05366h,,exclude,exclude,exclude,Other reason not meeting eligibility criteria
5,PubMed-RCT,Mekhora C,2026,"Impact of anthocyanin-rich black rice consumption on cognitive function,  inflammation and microvascular function in older adults: a crossover intervention trial.",10.1039/d5fo04351d,,exclude,exclude,exclude,Other reason not meeting eligibility criteria
6,PubMed-RCT,Arisi TOP,2023,"Dietary intake of anthocyanins improves arterial stiffness, but not endothelial  function, in volunteers with excess weight: A randomized clinical trial.",10.1002/ptr.7659,,include,include,include,
7,PubMed-RCT,Shan Y,2023,New Zealand Blackcurrant Increases Postexercise Hypotension Following Sustained  Moderate-Intensity Exercise.,10.1123/ijsnem.2023-0014,,include,include,include,
8,PubMed-RCT,Ahles S,2026,"Aronia melanocarpa extract supplementation affects brain vascular function and  cognitive performance: A randomized, double-blind, placebo-controlled, cross-over study in older adults with overweight or obesity.",10.1016/j.clnu.2025.106561,,include,include,include,
9,PubMed-RCT,Zhu Y,2011,Purified anthocyanin supplementation improves endothelial function via NO-cGMP  activation in hypercholesterolemic individuals.,10.1373/clinchem.2011.167361,,include,include,include,
10,PubMed-RCT,Amini AM,2025,"Acute Effects of an Anthocyanin-Rich Blackcurrant Beverage on Markers of  Cardiovascular Disease Risk in Healthy Adults: A Randomized, Double-Blind, Placebo-Controlled, Crossover Trial.",10.1016/j.tjnut.2025.05.017,,include,include,include,
11,PubMed-RCT,Li L,2020,Blood Orange Juice Consumption Increases Flow-Mediated Dilation in Adults with  Overweight and Obesity: A Randomized Controlled Trial.,10.1093/jn/nxaa158,,include,include,include,
12,PubMed-RCT,Pekas EJ,2021,Combined anthocyanins and bromelain supplement improves endothelial function and  skeletal muscle oxygenation status in adults: a double-blind placebo-controlled randomised crossover clinical trial.,10.1017/s0007114520002548,,include,include,include,
13,PubMed-RCT,do Rosario VA,2021,"Anthocyanins attenuate vascular and inflammatory responses to a high fat high  energy meal challenge in overweight older adults: A cross-over, randomized, double-blind clinical trial.",10.1016/j.clnu.2020.09.041,,include,include,include,
14,PubMed-RCT,Hassellund SS,2012,Effects of anthocyanins on blood pressure and stress reactivity: a double-blind  randomized placebo-controlled crossover study.,10.1038/jhh.2011.41,,include,include,include,
15,PubMed-RCT,Castro-Acosta ML,2016,"Drinks containing anthocyanin-rich blackcurrant extract decrease postprandial  blood glucose, insulin and incretin concentrations.",10.1016/j.jnutbio.2016.09.002,,exclude,exclude,exclude,Other reason not meeting eligibility criteria
16,PubMed-RCT,Tucci M,2024,"A serving of blueberry (Vaccinium corymbosum) improves peripheral vascular  function but not metabolic and functional markers in older subjects: A randomized, controlled, crossover study.",10.1016/j.foodres.2024.115189,,include,include,include,
17,PubMed-RCT,Igwe EO,2020,"Low anthocyanin plum nectar does not impact cognition, blood pressure and gut  microbiota in healthy older adults: A randomized crossover trial.",10.1016/j.nutres.2020.08.003,,include,include,include,
18,PubMed-RCT,Cook MD,2020,"Effect of New Zealand Blackcurrant on Blood Pressure, Cognitive Function and  Functional Performance in Older Adults.",10.1080/21551197.2019.1707740,,include,include,include,
19,PubMed-RCT,Rodriguez-Mateos A,2014,Impact of processing on the bioavailability and vascular effects of blueberry  (poly)phenols.,10.1002/mnfr.201400231,,exclude,exclude,exclude,Other reason not meeting eligibility criteria
20,PubMed-RCT,Willems ME,2015,Beneficial Physiological Effects With Blackcurrant Intake in Endurance Athletes.,10.1123/ijsnem.2014-0233,,exclude,exclude,exclude,Other reason not meeting eligibility criteria
21,PubMed-RCT,Horiuchi M,2025,Post-Exercise Hypotension after Exercising in Hypoxia with and Without Tart  Cherry Supplementation.,10.1089/ham.2024.0076,,include,include,include,
22,PubMed-RCT,Charoenwoodhipong P,2023,The Effect of Hokkaido Red Wines on Vascular Outcomes in Healthy Adult Men: A  Pilot Study.,10.3390/nu15184054,,include,include,include,
23,PubMed-RCT,Aboo Bakkar Z,2019,"Montmorency cherry supplementation attenuates vascular dysfunction induced by  prolonged forearm occlusion in overweight, middle-aged men.",10.1152/japplphysiol.00804.2018,,include,include,include,
24,PubMed-RCT,Kimble R,2021,The influence of tart cherries (Prunus Cerasus) on vascular function and the  urinary metabolome: a randomised placebo-controlled pilot study.,10.1017/jns.2021.68,,include,include,include,
25,PubMed-RCT,Estévez-Santiago R,2019,Lack of a Synergistic Effect on Cardiometabolic and Redox Markers in a Dietary  Supplementation with Anthocyanins and Xanthophylls in Postmenopausal Women.,10.3390/nu11071533,,include,include,include,
26,PubMed-RCT,Ellis LR,2026,"A randomised, double-blind, placebo-controlled trial to assess the postprandial  dose-dependent effects of wild blueberries on metabolic and cognitive outcomes following a high-carbohydrate breakfast.",10.1007/s00394-026-03974-0,,include,include,include,
27,PubMed-RCT,Ohguro H,2013,Effects of black currant anthocyanins on intraocular pressure in healthy  volunteers and patients with glaucoma.,10.1089/jop.2012.0071,,exclude,exclude,exclude,Other reason not meeting eligibility criteria
28,PubMed-RCT,Ahles S,2024,"Short-term Aronia melanocarpa extract supplementation improves cognitive  performance: a randomized, double-blind, placebo-controlled cross-over study in healthy young adults.",10.1007/s00394-024-03381-3,,exclude,exclude,exclude,Other reason not meeting eligibility criteria
29,PubMed-RCT,Ahles S,2020,"The Effect of Long-Term Aronia melanocarpa Extract Supplementation on Cognitive  Performance, Mood, and Vascular Function: A Randomized Controlled Trial in Healthy, Middle-Aged Individuals.",10.3390/nu12082475,,include,include,include,
30,PubMed-RCT,Desai T,2021,Effects of short-term continuous Montmorency tart cherry juice supplementation in  participants with metabolic syndrome.,10.1007/s00394-020-02355-5,,include,include,include,
31,PubMed-RCT,Kent K,2016,Acute reduction in blood pressure following consumption of anthocyanin-rich  cherry juice may be dose-interval dependant: a pilot cross-over study.,10.3109/09637486.2015.1121472,,include,include,include,
32,PubMed-RCT,do Rosario VA,2021,"Food anthocyanins decrease concentrations of TNF-α in older adults with mild  cognitive impairment: A randomized, controlled, double blind clinical trial.",10.1016/j.numecd.2020.11.024,,exclude,exclude,exclude,Other reason not meeting eligibility criteria
33,PubMed-RCT,Igwe EO,2017,Anthocyanin-rich plum juice reduces ambulatory blood pressure but not acute  cognitive function in younger and older adults: a pilot crossover dose-timing study.,10.1016/j.nutres.2017.08.006,,include,include,include,
34,PubMed-RCT,Hollands WJ,2018,4-Week consumption of anthocyanin-rich blood orange juice does not affect  LDL-cholesterol or other biomarkers of CVD risk and glycaemia compared with standard orange juice: a randomised controlled trial.,10.1017/s0007114517003865,,include,include,include,
35,PubMed-RCT,Aarsland D,2023,A Randomised Placebo-Controlled Study of Purified Anthocyanins on Cognition in  Individuals at Increased Risk for Dementia.,10.1016/j.jagp.2022.10.002,,exclude,exclude,exclude,Other reason not meeting eligibility criteria
36,PubMed-RCT,Pokimica B,2019,Chokeberry Juice Containing Polyphenols Does Not Affect Cholesterol or Blood  Pressure but Modifies the Composition of Plasma Phospholipids Fatty Acids in Individuals at Cardiovascular Risk.,10.3390/nu11040850,,include,include,include,
37,PubMed-RCT,Christiansen CB,2023,The Impact of an 8-Week Supplementation with Fermented and Non-Fermented Aronia  Berry Pulp on Cardiovascular Risk Factors in Individuals with Type 2 Diabetes.,10.3390/nu15245094,,include,include,include,
38,PubMed-RCT,Pedret A,2024,"A red-fleshed apple rich in anthocyanins improves endothelial function, reduces  inflammation, and modulates the immune system in hypercholesterolemic subjects: the AppleCOR study.",10.1039/d3fo05114e,,include,include,include,
39,PubMed-RCT,Pastellidou E,2021,Blackcurrant extract does not affect the speed-duration relationship during  high-intensity running.,10.1080/17461391.2020.1771428,,exclude,exclude,exclude,Other reason not meeting eligibility criteria
40,PubMed-RCT,Rodriguez-Mateos A,2013,"Intake and time dependence of blueberry flavonoid-induced improvements in  vascular function: a randomized, controlled, double-blind, crossover intervention study with mechanistic insights into biological activity.",10.3945/ajcn.113.066639,,include,include,include,
41,PubMed-RCT,Jin Y,2011,A randomised trial to investigate the effects of acute consumption of a  blackcurrant juice drink on markers of vascular reactivity and bioavailability of anthocyanins in human subjects.,10.1038/ejcn.2011.55,,include,include,include,
42,PubMed-RCT,Curtis PJ,2019,"Blueberries improve biomarkers of cardiometabolic function in participants with  metabolic syndrome-results from a 6-month, double-blind, randomized controlled trial.",10.1093/ajcn/nqy380,,include,include,include,
43,PubMed-RCT,Maeda-Yamamoto M,2018,"A Randomized, Placebo-Controlled Study on the Safety and Efficacy of Daily  Ingestion of Green Tea (Camellia sinensis L.) cv. ""Yabukita"" and ""Sunrouge"" on Eyestrain and Blood Pressure in Healthy Adults.",10.3390/nu10050569,,include,include,include,
44,PubMed-RCT,Lynn A,2014,Effect of a tart cherry juice supplement on arterial stiffness and inflammation  in healthy adults: a randomised controlled trial.,10.1007/s11130-014-0409-x,,include,include,include,
45,PubMed-RCT,McAnulty LS,2014,Six weeks daily ingestion of whole blueberry powder increases natural killer cell  counts and reduces arterial stiffness in sedentary males and females.,10.1016/j.nutres.2014.07.002,,include,include,include,
46,PubMed-RCT,Curtis PJ,2022,"Blueberry anthocyanin intake attenuates the postprandial cardiometabolic effect  of an energy-dense food challenge: Results from a double blind, randomized controlled trial in metabolic syndrome participants.",10.1016/j.clnu.2021.11.030,,include,include,include,
47,PubMed-RCT,Okamoto T,2020,"Effects of blackcurrant extract on arterial functions in older adults: A  randomized, double-blind, placebo-controlled, crossover trial.",10.1080/10641963.2020.1764015,,include,include,include,
48,PubMed-RCT,Cook MD,2025,Effects of New Zealand Black Currant Extract on Exercising Substrate Utilization  and Postexercise Blood Pressure in Men and Women.,10.1123/ijsnem.2024-0108,,include,include,include,
49,PubMed-RCT,Liu Z,2025,"Purified Anthocyanins Indicated No Significant Effect on Arterial Stiffness,  Four-Limb Blood Pressures and Cardiovascular Risk-A 12-Week Dose-Response Trial in Chinese Middle-Aged and Elderly Adults with Hyperglycemia.",10.3390/nu18010112,,include,include,include,
50,PubMed-RCT,Parklak W,2024,"Nutraceutical Properties of Thai Mulberry (Morus alba L.) and Their Effects on  Metabolic and Cardiovascular Risk Factors in Individuals with Obesity: A Randomized, Single-Blind Crossover Trial.",10.3390/nu16244336,,include,include,include,
51,PubMed-RCT,Wright OR,2013,"A randomized, double-blind, placebo-controlled trial of the effect of dried  purple carrot on body mass, lipids, blood pressure, body composition, and inflammatory markers in overweight and obese adults: the QUENCH trial.",10.1139/cjpp-2012-0349,,include,include,include,
52,PubMed-RCT,Curtis PJ,2009,Cardiovascular disease risk biomarkers and liver and kidney function are not  altered in postmenopausal women after ingesting an elderberry extract rich in anthocyanins for 12 weeks.,10.3945/jn.109.113126,,include,include,include,
53,PubMed-RCT,Istas G,2018,Plasma urolithin metabolites correlate with improvements in endothelial function  after red raspberry consumption: A double-blind randomized controlled trial.,10.1016/j.abb.2018.05.016,,include,include,include,
54,PubMed-RCT,Cook MD,2017,Cardiovascular function during supine rest in endurance-trained males with New  Zealand blackcurrant: a dose-response study.,10.1007/s00421-016-3512-x,,include,include,include,
55,PubMed-RCT,Herrera-Arellano A,2004,Effectiveness and tolerability of a standardized extract from Hibiscus sabdariffa  in patients with mild to moderate hypertension: a controlled and randomized clinical trial.,10.1016/j.phymed.2004.04.001,,include,include,include,
56,PubMed-RCT,Riso P,2013,"Effect of a wild blueberry (Vaccinium angustifolium) drink intervention on  markers of oxidative stress, inflammation and endothelial function in humans with cardiovascular risk factors.",10.1007/s00394-012-0402-9,,include,include,include,
57,PubMed-RCT,Cheng N,2024,"Wild Blueberry Extract Intervention in Healthy Older Adults: A Multi-Study,  Randomised, Controlled Investigation of Acute Cognitive and Cardiovascular Effects.",10.3390/nu16081180,,include,include,include,
58,PubMed-RCT,Agulló V,2021,Sweetener influences plasma concentration of flavonoids in humans after an acute  intake of a new (poly)phenol-rich beverage.,10.1016/j.numecd.2020.11.016,,exclude,exclude,exclude,Other reason not meeting eligibility criteria
59,PubMed-RCT,Johnson SA,2020,Effects of Montmorency Tart Cherry Juice Consumption on Cardiometabolic  Biomarkers in Adults with Metabolic Syndrome: A Randomized Controlled Pilot Trial.,10.1089/jmf.2019.0240,,include,include,include,
60,PubMed-RCT,Kent K,2017,Consumption of anthocyanin-rich cherry juice for 12 weeks improves memory and  cognition in older adults with mild-to-moderate dementia.,10.1007/s00394-015-1083-y,,exclude,exclude,exclude,Other reason not meeting eligibility criteria
61,PubMed-RCT,Kimble R,2021,"The Influence of Tart Cherry (Prunus cerasus, cv Montmorency) Concentrate  Supplementation for 3 Months on Cardiometabolic Risk Factors in Middle-Aged Adults: A Randomised, Placebo-Controlled Trial.",10.3390/nu13051417,,include,include,include,
62,PubMed-RCT,Milbury PE,2010,Anthocyanins are bioavailable in humans following an acute dose of cranberry  juice.,10.3945/jn.109.117168,,exclude,exclude,exclude,Other reason not meeting eligibility criteria
63,PubMed-RCT,Hillman AR,2026,"Montmorency tart cherry supplementation does not impact sleep, body composition,  cellular health, or blood pressure in healthy adults.",10.1177/02601060221111230,,include,include,include,
64,PubMed-RCT,Dohadwala MM,2011,Effects of cranberry juice consumption on vascular function in patients with  coronary artery disease.,10.3945/ajcn.110.004242,,include,include,include,
65,PubMed-RCT,Whyte AR,2018,"A Randomized, Double-Blinded, Placebo-Controlled Study to Compare the Safety and  Efficacy of Low Dose Enhanced Wild Blueberry Powder and Wild Blueberry Extract (ThinkBlue™) in Maintenance of Episodic and Working Memory in Older Adults.",10.3390/nu10060660,,exclude,exclude,exclude,Other reason not meeting eligibility criteria
66,PubMed-RCT,Lamport DJ,2016,"Concord grape juice, cognitive function, and driving performance: a 12-wk,  placebo-controlled, randomized crossover trial in mothers of preteen children.",10.3945/ajcn.115.114553,,exclude,exclude,exclude,Other reason not meeting eligibility criteria
67,PubMed-RCT,May N,2025,Queen garnet plum juice supplementation does not provide additional cognitive  benefits over a group-based memory program in older adults with mild cognitive impairment: A randomized clinical trial.,10.1016/j.nutres.2025.04.006,,exclude,exclude,exclude,Other reason not meeting eligibility criteria
68,PubMed-RCT,Cook MD,2017,Blackcurrant Alters Physiological Responses and Femoral Artery Diameter during  Sustained Isometric Contraction.,10.3390/nu9060556,,include,include,include,
69,PubMed-RCT,Davinelli S,2015,A Randomized Clinical Trial Evaluating the Efficacy of an Anthocyanin-Maqui Berry  Extract (Delphinol®) on Oxidative Stress Biomarkers.,10.1080/07315724.2015.1080108,,exclude,exclude,exclude,Other reason not meeting eligibility criteria
70,PubMed-RCT,Keane KM,2016,"Montmorency Tart cherries (Prunus cerasus L.) modulate vascular function acutely,  in the absence of improvement in cognitive performance.",10.1017/s0007114516004177,,include,include,include,
71,PubMed-RCT,Balestra C,2016,A red orange extract modulates the vascular response to a recreational dive: a  pilot study on the effect of anthocyanins on the physiological consequences of scuba diving.,10.1080/14786419.2015.1107062,,include,include,include,
72,PubMed-RCT,Chan SW,2021,"Impact of short-term bilberry supplementation on glycemic control, cardiovascular  disease risk factors, and antioxidant status in Chinese patients with type 2 diabetes.",10.1002/ptr.7038,,include,include,include,
73,PubMed-RCT,Xie L,2017,Aronia berry polyphenol consumption reduces plasma total and low-density  lipoprotein cholesterol in former smokers without lowering biomarkers of inflammation and oxidative stress: a randomized controlled trial.,10.1016/j.nutres.2016.12.007,,include,include,include,
74,PubMed-RCT,Hassellund SS,2013,Effects of anthocyanins on cardiovascular risk factors and inflammation in  pre-hypertensive men: a double-blind randomized placebo-controlled crossover study.,10.1038/jhh.2012.4,,include,include,include,
75,PubMed-RCT,Del Bó C,2013,A single portion of blueberry (Vaccinium corymbosum L) improves protection  against DNA damage but not vascular function in healthy male volunteers.,10.1016/j.nutres.2012.12.009,,include,include,include,
76,PubMed-RCT,Ohguro H,2012,"Two-year randomized, placebo-controlled study of black currant anthocyanins on  visual field in glaucoma.",10.1159/000335961,,exclude,exclude,exclude,Other reason not meeting eligibility criteria
77,PubMed-RCT,Herrera-Arellano A,2007,"Clinical effects produced by a standardized herbal medicinal product of Hibiscus  sabdariffa on patients with hypertension. A randomized, double-blind, lisinopril-controlled clinical trial.",10.1055/s-2006-957065,,include,include,include,
78,PubMed-RCT,Montanari S,2026,New Zealand blackcurrant extract has no effect on physiological and  cardiovascular responses during low-intensity sustained intermittent isometric contractions in men.,10.1007/s00421-025-05971-3,,include,include,include,
79,PubMed-RCT,Desai T,2018,The effects of Montmorency tart cherry juice supplementation and FATMAX exercise  on fat oxidation rates and cardio-metabolic markers in healthy humans.,10.1007/s00421-018-3978-9,,include,include,include,
80,PubMed-RCT,Habanova M,2016,Intake of bilberries (Vaccinium myrtillus L.) reduced risk factors for  cardiovascular disease by inducing favorable changes in lipoprotein profiles.,10.1016/j.nutres.2016.11.010,,include,include,include,
81,PubMed-RCT,Preuss HG,2000,Effects of niacin-bound chromium and grape seed proanthocyanidin extract on the  lipid profile of hypercholesterolemic subjects: a pilot study.,,,exclude,exclude,exclude,Other reason not meeting eligibility criteria
82,PubMed-RCT,Nwachukwu DC,2015,Effects of aqueous extract of Hibiscus sabdariffa on the  renin-angiotensin-aldosterone system of Nigerians with mild to moderate essential hypertension: A comparative study with lisinopril.,10.4103/0253-7613.165194,,include,include,include,
83,PubMed-RCT,Sumner MD,2005,Effects of pomegranate juice consumption on myocardial perfusion in patients with  coronary heart disease.,10.1016/j.amjcard.2005.05.026,,exclude,exclude,exclude,Other reason not meeting eligibility criteria
84,PubMed-RCT,Hansen AS,2005,"Effect of red wine and red grape extract on blood lipids, haemostatic factors,  and other risk factors for cardiovascular disease.",10.1038/sj.ejcn.1602107,,exclude,include,include,Other reason not meeting eligibility criteria
85,CENTRAL,Lee EHui ALee HSun JShen GX,2026,"Effects of Daily Saskatoon Berry Supplementation on Cardiometabolic Health, Gut Microbiota, and Short-Chain Fatty Acids in Healthy Adults",https://doi.org/10.3390/ijms27083644,,include,include,include,
86,CENTRAL,nan,2026,Tart Cherry Citrate Effervescent Tablet for Urate-Lowering Therapy in Participants With Asymptomatic Hyperuricemia,nan,,exclude,exclude,exclude,Other reason not meeting eligibility criteria
87,CENTRAL,Betanzos-Cabrera GCabrera-Garc&iacute,2026,Postprandial Antihypertensive Evaluation of Microencapsulated Pomegranate Juice in Women With Mild Hypertension: a Randomized Pilot Study,https://doi.org/10.1155/ijhy/7665540,,include,include,include,
88,CENTRAL,Kiani MMirzaei HEnayati AGhorbani SZengin GAmirkhanlou S,2026,Comparison of Hibiscus sabdariffa L. extract and hydrochlorothiazide as adjuncts to Valsartan in managing hypertension in type 2 diabetic nephropathy: a randomized clinical trial,https://doi.org/10.22038/ajp.2025.26575,,include,include,include,
89,CENTRAL,Ghini VTenori LCapozzi FLuchinat CBub AMalpuech-Brugere COrfila CRicciardiello LBordoni A,2019,DHA-induced perturbation of human serum metabolome. Role of the food matrix and Co-administration of oat &bgr;-glucan and anthocyanins,https://doi.org/10.3390/nu12010086,,exclude,exclude,exclude,Other reason not meeting eligibility criteria
90,CENTRAL,Khalifa KNAarsland D,2021,A randomised placebo-controlled study on the effects of anthocyanins for maintaining cognitive functioning in individuals at increased risk for dementia,https://doi.org/10.1002/alz.055895,,exclude,exclude,exclude,"Protocol, abstract or other non-report"
91,CENTRAL,Montanari SSahin MALee BJBlacker SDWillems MET,2021,No Effects of Different Doses of New Zealand Blackcurrant Extract on Cardiovascular Responses During Rest and Submaximal Exercise Across a Week in Trained Male Cyclists,https://doi.org/10.1123/ijsnem.2020-0164,,include,include,include,
92,CENTRAL,nan,2014,The effect of flavonoids from cherries on memory and cognition in older adults with mild to moderate dementia,nan,,exclude,exclude,exclude,"Protocol, abstract or other non-report"
93,CENTRAL,nan,2016,Efficacy of fruit extracts in reducing risk factors of heart disease in obese men,nan,,exclude,exclude,exclude,"Protocol, abstract or other non-report"
94,CENTRAL,nan,2015,Pilot study regarding the influence of bioactive enriched food on markers of the metabolic syndrome,nan,,exclude,exclude,exclude,"Protocol, abstract or other non-report"
95,CENTRAL,nan,2014,Effect of anthocyanin-rich food intake on reduction of cardiovascular risk factors,nan,,exclude,exclude,exclude,"Protocol, abstract or other non-report"
96,CENTRAL,nan,2017,Safety evaluation of long-term intake of drink containing plant-derived anthocyanin for healthy adults or subjects with high normal liver function,nan,,exclude,exclude,exclude,"Protocol, abstract or other non-report"
97,CENTRAL,Garcia-Cordero JMartinez ABlanco-Valverde CPino APuertas-Martin VSan Roman Rde Pascual-Teresa S,2023,Regular Consumption of Cocoa and Red Berries as a Strategy to Improve Cardiovascular Biomarkers via Modulation of Microbiota Metabolism in Healthy Aging Adults,https://doi.org/10.3390/nu15102299,,exclude,exclude,exclude,Other reason not meeting eligibility criteria
98,CENTRAL,nan,2018,ReJUICE your pain: the effect of dietary advice and a dietary supplement on pain outcomes in people experiencing chronic pain,nan,,exclude,exclude,exclude,Other reason not meeting eligibility criteria
99,CENTRAL,nan,2022,Blueberry consumption and metabolic syndrome,nan,,exclude,exclude,exclude,"Protocol, abstract or other non-report"
100,CENTRAL,nan,2020,Clitoria ternatea Flower Extract Attenuates Postprandial Lipemia and Increases Plasma Antioxidant Status Responses to a High-Fat Meal Challenge in Overweight and Obese Participants,nan,,exclude,exclude,exclude,"Protocol, abstract or other non-report"
101,CENTRAL,nan,2022,Food for Thought: assessing the effect of diet and dietary advice on cognitive function in older people at risk,nan,,exclude,exclude,exclude,"Protocol, abstract or other non-report"
102,CENTRAL,Asgary SSahebkar AAfshani MRKeshvari MHaghjooyjavanmard SRafieian-Kopaei M,2014,"Clinical evaluation of blood pressure lowering, endothelial function improving, hypolipidemic and anti-inflammatory effects of pomegranate juice in hypertensive subjects",https://doi.org/10.1002/ptr.4977,,include,include,include,
103,CENTRAL,nan,2019,Development and assessment of functional foods based on anthocyanin enrich Riceberry rice extract (Oryza sativa L.) and its influence on postprandial biochemical parameters in human,nan,,exclude,exclude,exclude,"Protocol, abstract or other non-report"
104,CENTRAL,nan,2022,"Effect of 12 week-consumption of color rice (Zuper rice) on anti-ageing, physical and psychological wellness promotion, and age-related disorders risk reduction in middle-aged and elderly volunteers",nan,,exclude,exclude,exclude,"Protocol, abstract or other non-report"
105,CENTRAL,Sahin MABilgic PMontanari SWillems MET,2023,Intake Duration of Anthocyanin-Rich New Zealand Blackcurrant Extract Affects Cardiovascular Responses during Moderate-Intensity Walking But Not at Rest,https://doi.org/10.1080/19390211.2021.2005214,,include,include,include,
106,CENTRAL,nan,2025,"Effect of Test Food Consumption on Visual Function and Its Safety.  -Randomized, double-blind, placebo-controlled crossover comparative trial-",nan,,exclude,exclude,exclude,"Protocol, abstract or other non-report"
107,CENTRAL,Shah PGurjar VPatani P,2024,VACCINIUM CYANOCOCCUS USES AND BENEFITS FOR HEALTH: a REVIEW,https://doi.org/10.53555/67qr2953,,exclude,exclude,exclude,Review or non-original article
108,CENTRAL,nan,2018,The effect of fruit anthocyanins in participants attending a cognitive rehabilitation group for mild cognitive impairment: a randomised controlled trial,nan,,exclude,exclude,exclude,"Protocol, abstract or other non-report"
109,CENTRAL,nan,2020,Effect of Pear Orange and Blood Orange Juices on inflammation and antioxidant activity in individuals with pre-diabetes,nan,,exclude,exclude,exclude,"Protocol, abstract or other non-report"
110,CENTRAL,nan,2020,Acute effect of food anthocyanins on cardiovascular disease biomarkers following a high fat meal challenge in overweight older adults,nan,,exclude,exclude,exclude,"Protocol, abstract or other non-report"
111,CENTRAL,nan,2014,The Orange Juice and Cardiovascular Disease Study,nan,,exclude,exclude,exclude,"Protocol, abstract or other non-report"
112,CENTRAL,Lim JHOng CKYChin YQLim CKMLow HCSou YLNarayanan SSPung YFDaud FRatnam WDaud ZAMKarupaiah T,2025,Potential cardiometabolic role of a Malaysian red pigmented rice in T2D patients - Primary findings from the RICH study,https://doi.org/10.1016/j.diabres.2025.112757,,include,include,include,
113,CENTRAL,nan,2025,Effects of Coffee Versus Hibiscus Tea Consumption During Prolonged Sitting on Blood Pressure and Heart Rate,nan,,exclude,exclude,exclude,"Protocol, abstract or other non-report"
114,CENTRAL,Zingales SMartinez JStepp AHMiller CJason NHong MYLiu CKern MHooshmand S,2025,Daily Intake of Recommended Servings of Fruit Improves Nutrient Intake but Shows no Major - Effect on Cardiovascular Health or Cognition in Low Fruit Consumers,https://doi.org/10.1016/j.cdnut.2025.107544,,include,include,include,
115,CENTRAL,nan,2025,"Effect of Blueberry Supplementation on Liver Enzymes, Muscle Injury and Respiratory Parameter in Football Athletes: a Eight-Week Training Study",nan,,exclude,exclude,exclude,Other reason not meeting eligibility criteria
116,CENTRAL,nan,2025,Assessment of Delphinol&reg; Dose on Vascular Function,nan,,exclude,exclude,exclude,"Protocol, abstract or other non-report"
117,CENTRAL,Akagi RNanba FSaito SMaruo TToda TYamashita YAshida HSuzuki T,2024,Black Soybean Seed Coat Extract Improves Endothelial Function and Upregulates Oxidative Stress Marker Expression in Healthy Volunteers by Stimulating Nitric Oxide Production in Endothelial Cells,https://doi.org/10.1089/jmf.2023.k.0149,,include,include,include,
118,CENTRAL,nan,2024,Effects of a Black Rice Extract and Anthocyanidin Metabolites on the Synthesis and Release of BDNF in Healthy Subjects,nan,,exclude,exclude,exclude,"Protocol, abstract or other non-report"
119,CENTRAL,nan,2025,"Investigating whether drinking purple and red fruit juices can improve memory, reduce inflammation, and support metabolic health in people with obesity",nan,,exclude,exclude,exclude,"Protocol, abstract or other non-report"
120,CENTRAL,nan,2025,Impact of Canadian Haskap Berry Powder on Hypertension and Acuity in Women's Health,nan,,exclude,exclude,exclude,"Protocol, abstract or other non-report"
121,CENTRAL,nan,2025,Pilot scale production of functional ingredients for produce glucose-lowering supplements and evaluate the effectiveness of products,nan,,exclude,exclude,exclude,"Protocol, abstract or other non-report"
122,CENTRAL,Dehkhoda BEnayati AMirzaei HGhorbani SSoleimani MHAmirkhanlou SSahebkar A,2024,Roselle (Hibiscus sabdariffa L.) extract as an adjunct to valsartan in patients with mild chronic kidney disease: a double-blind randomized controlled clinical trial,https://doi.org/10.22038/ajp.2024.23871,,include,include,include,
123,CENTRAL,nan,2025,Study on Glycemic Response of Dragon Fruit Candies,nan,,exclude,exclude,exclude,"Protocol, abstract or other non-report"
124,CENTRAL,Del Bo' CVenturi SRendine MMartini DMarino MBattezzati ALeone APorrini MRiso PKlimis-Zacas D,2024,"The Effect of Wild Blueberries on Metabolic Syndrome Clusters, Endothelial Permeability and Functionality: the BLUMET Study Protocol",https://doi.org/10.1016/j.cdnut.2024.103651,,exclude,exclude,exclude,"Protocol, abstract or other non-report"
125,CENTRAL,do Rosario VLorzadeh EBrodaty HAnstey KJChan KRoodenrys SKent KBliokas VPhillipson LWeston-Green KFrancois MEJiang XGeorge JPotter JBatterham MJCharlton K,2024,Assessing the effect of anthocyanins through diet and supplementation on cognitive function in older adults at risk for dementia: protocol for a randomised controlled trial,https://doi.org/10.1136/bmjopen-2024-086435,,exclude,exclude,exclude,"Protocol, abstract or other non-report"
126,CENTRAL,Montanari SLee BJBlacker SDWillems MET,2023,No Effect of New Zealand Blackcurrant Extract on Physiological and Cardiovascular Responses During Low Intensity Sustained Intermittent Isometric Contractions,https://doi.org/10.1123/ijsnem.2024-0005,,include,include,include,
127,CENTRAL,Nosal BMThornton SNMelnik AVLotfi AMofrad MDAksenov ALee EC-HChun OK,2024,Blackcurrant Anthocyanins Attenuate Estrogen -Deficiency-Induced Bone Loss through Modulating Microbial-Derived Short-Chain Carboxylic Acids and Phytoestrogen Metabolites in Peri- and Early Postmenopausal Women,https://doi.org/10.3390/metabo14100541,,exclude,exclude,exclude,Other reason not meeting eligibility criteria
128,CENTRAL,Stote KSWilson MMHallenbeck DThomas KRourke JMSweeney MIGottschall-Pass KTGosmanov AR,2020,"Effect of blueberry consumption on cardiometabolic health parameters in men with type 2 diabetes: an 8-week, double-blind, randomized, placebo-controlled trial",https://doi.org/10.1093/cdn/nzaa030,,include,include,include,
129,CENTRAL,nan,2024,Dose-response effects of wild blueberries on appetite and cardiovascular health,nan,,exclude,exclude,exclude,"Protocol, abstract or other non-report"
130,CENTRAL,nan,2024,Effects of a Brown Seaweed Tart Cherry Blend in Mild-moderate Hypertension,nan,,exclude,exclude,exclude,"Protocol, abstract or other non-report"
131,CENTRAL,nan,2024,"Discussion on the Effectiveness of Tea on Blood Pressure, Body Composition and Vision Problems in College Students",nan,,exclude,exclude,exclude,"Protocol, abstract or other non-report"
132,CENTRAL,nan,2024,"Black Rice Consumption on Cognitive Function, Inflammation and Microvascular Function in Older Adults",nan,,exclude,exclude,exclude,"Protocol, abstract or other non-report"
133,CENTRAL,Ellis LBosch CDye L,2023,"A randomised, double-blind, placebo-controlled trial to assess dose-dependent effects of blueberries on blood pressure, glucose and cognition",https://doi.org/10.1017/s0029665124004555,,exclude,exclude,exclude,"Protocol, abstract or other non-report"
134,CENTRAL,nan,2020,"Pulses Consumption and Its Role in Managing Systemic Inflammation, Insulin Sensitivity and Gut Microbiome in Human",nan,,exclude,exclude,exclude,"Protocol, abstract or other non-report"
135,CENTRAL,nan,2021,Effect of Cocoa Polyphenols Supplementation on Cardiovascular Risk of Postmenopausal Women,nan,,exclude,exclude,exclude,"Protocol, abstract or other non-report"
136,CENTRAL,nan,2024,Ameliorative effects of 8 weeks of blueberry polyphenol supplementation on muscle damage and oxidative stress in middle-aged and elderly amateur marathon runners,nan,,exclude,exclude,exclude,"Protocol, abstract or other non-report"
137,CENTRAL,nan,2024,Acute effects of hibiscus sabdariffa on cardiometabolic markers and cognitive function,nan,,exclude,exclude,exclude,"Protocol, abstract or other non-report"
138,CENTRAL,Rendine MVenturi SMarino MMartini DPorrini MBattezzati AKlimis-Zacas DRiso PDel Bo' C,2024,"Effect of a Single Portion of Wild Blueberry on Markers of Vascular Function in Healthy Subjects: a Randomized, Double-Blind, Placebo-Controlled, Crossover Study",https://doi.org/10.1016/j.cdnut.2024.102890,,exclude,exclude,exclude,"Protocol, abstract or other non-report"
139,CENTRAL,nan,2022,Aronia and Cognitive Fitness: focus on Brain Insulin-Sensitivity and Vascular Function,nan,,exclude,exclude,exclude,"Protocol, abstract or other non-report"
140,CENTRAL,nan,2011,Effect of wild blueberry intake on reduction of cardiovascular risk factors,nan,,exclude,exclude,exclude,"Protocol, abstract or other non-report"
141,CENTRAL,nan,2020,Impacts of a Combined Berry Extract Supplement on Vascular Function and Oxygen Utility Capacity in Young Adults,nan,,exclude,exclude,exclude,"Protocol, abstract or other non-report"
142,CENTRAL,nan,2023,Plasma-Induced Changes in the Metabolome Following Polyphenol Consumption,nan,,exclude,exclude,exclude,"Protocol, abstract or other non-report"
143,CENTRAL,Bell LWilliams CM,2019,"A pilot dose-response study of the acute effects of haskap berry extract (Lonicera caerulea L.) on cognition, mood, and blood pressure in older adults",https://doi.org/10.1007/s00394-018-1877-9,,include,include,include,
144,CENTRAL,Hassellund SFlaa AKjeldsen SERostrup M,2010,No effect of concentrated anthocyanins with high antioxidant properties on BP in patients with mild hypertension; A randomized placebo-controlled cross-over study,https://doi.org/10.1097/01.hjh.0000378555.01291.84,,include,include,include,
145,CENTRAL,nan,2016,Investigation of the Atherogenic Effects of Uric Acid-modified in Endothelial Dysfunction and the the Preventional Mechanism by Anthocyanidines,nan,,exclude,exclude,exclude,"Protocol, abstract or other non-report"
146,CENTRAL,Del Bo CRiso PCampolo JDe Maria RKlimis- Zacas DPorrini M,2011,Effect of a single blueberry portion on oxidative stress and endothelial function: a pilot study,https://doi.org/10.1159/000334393,,include,include,include,
147,CENTRAL,Caldwell KCharlton KERoodenrys SJenner A,2013,"High anthocyanin cherry juice acutely impacts blood pressure but not cognition in young people, older people and dementia patients",nan,,include,include,include,
148,CENTRAL,Zulfiqar SMarshall LJBoesch C,2022,Hibiscus sabdariffa inhibits &agr;-glucosidase activity in vitro and lowers postprandial blood glucose response in humans,https://doi.org/10.1016/j.hnm.2022.200164,,exclude,exclude,exclude,Other reason not meeting eligibility criteria
149,CENTRAL,nan,2016,Effect of Cherry Juice on Fat Oxidation and Cardio-metabolic Markers,nan,,exclude,exclude,exclude,"Protocol, abstract or other non-report"
150,CENTRAL,nan,2017,Antioxidant Responses to Exercise and Cherry Consumption,nan,,exclude,exclude,exclude,"Protocol, abstract or other non-report"
151,CENTRAL,Garcia-Cordero JPino ACuevas CPuertas-Martin VRoman RSPascual-Teresa S,2022,Neurocognitive effects of cocoa and red-berries consumption in healthy adults,https://doi.org/10.3390/nu14010001,,exclude,exclude,exclude,Other reason not meeting eligibility criteria
152,CENTRAL,Yamane TKozuka MWada-Yoneta MSakamoto TNakagaki TNakano YOhkubo I,2017,Aronia juice suppresses the elevation of postprandial blood glucose levels in adult healthy Japanese,https://doi.org/10.1016/j.yclnex.2017.01.002,,exclude,exclude,exclude,Other reason not meeting eligibility criteria
153,CENTRAL,nan,2020,Inflammatory and Metabolic Responses to Long-term Dietary Supplementation With Anthocyanin-rich Blend,nan,,exclude,exclude,exclude,"Protocol, abstract or other non-report"
154,CENTRAL,nan,2017,Blueberries for Improving Vascular Endothelial Function in Postmenopausal Women With Elevated Blood Pressure,nan,,exclude,exclude,exclude,"Protocol, abstract or other non-report"
155,CENTRAL,nan,2018,"Randomized, Double-blind, Controlled Study to Evaluate the Effect of Concord Grape Extract on Vascular Function in Healthy Men and Women",nan,,exclude,exclude,exclude,"Protocol, abstract or other non-report"
156,CENTRAL,nan,2017,Cocoa Flavanol Intake and Exercise in Hypoxia,nan,,exclude,exclude,exclude,"Protocol, abstract or other non-report"
157,CENTRAL,Sinclair JShadwell GDillon SAllan RButters BBottoms L,2021,Effects of montmorency tart cherry and blueberry juice on cardiometabolic outcomes in healthy individuals: protocol for a 3-arm placebo randomized controlled trial,https://doi.org/10.3390/ijerph18189759,,exclude,exclude,exclude,"Protocol, abstract or other non-report"
158,CENTRAL,Johnson SANavaei NPourafshar SAkhavan NSElam MLFoley EClark EAPayton MEArjmandi BH,2016,Fresh pear (Pyrus communis) consumption may improve blood pressure in middle-aged men and women with metabolic syndrome,nan,,exclude,exclude,exclude,Intervention not anthocyanin-based
159,CENTRAL,Nosal BSakaki JMofrad MDMacdonald ZMahoney KThornton SPatel DDrossman JLee EC-HChun O,2023,Blackcurrant Anthocyanins Improve Blood Lipid and Inflammatory Biomarkers of CVD Risk in Healthy Peri&ndash;And Postmenopausal Women Without Changing Body Composition,https://doi.org/10.1016/j.cdnut.2023.100575,,exclude,exclude,exclude,Other reason not meeting eligibility criteria
160,CENTRAL,Sangild JFaldborg ASchousboe CFedder MDKChristensen LPLausdahl AKArnspang ECGregersen SJakobsen HBKnudsen UBFedder J,2023,"Effects of Chokeberries (Aronia spp.) on Cytoprotective and Cardiometabolic Markers and Semen Quality in 109 Mildly Hypercholesterolemic Danish Men: a Prospective, Double-Blinded, Randomized, Crossover Trial",https://doi.org/10.3390/jcm12010373,,include,include,include,
161,CENTRAL,Rouyer OAuger CCharles A-LTalha SMeyer APiquard FAndres ESchini-Kerth VGeny B,2019,"Effects of a high fat meal associated with water, juice, or champagne consumption on endothelial function and markers of oxidative stress and inflammation in young, healthy subjects",https://doi.org/10.3390/jcm8060859,,include,include,include,
162,CENTRAL,Joo SHHahn CLim HKYoon KDYoon SHLee CU,2019,Exploration of the Oryza sativa l. Cyanidin-3-glucoside on the cognitive function in older adults with subjective memory impairment,https://doi.org/10.30773/pi.2019.06.17,,exclude,exclude,exclude,Other reason not meeting eligibility criteria
163,CENTRAL,Hein SWood EFernandes FMesnage RRodriguez-Mateos AWilliams C,2021,Chronic effects of wild blueberry (Poly)phenols on cognitive function in healthy older individuals: the BluFlow study,https://doi.org/10.1017/s0029665121000811,,exclude,exclude,exclude,"Protocol, abstract or other non-report"
164,CENTRAL,Wood EHein SFernandes FWilliams CRodriguez-Mateos A,2021,Effects of daily wild blueberry (Poly)phenol consumption on vascular function in a healthy elderly population: the BluFlow study,https://doi.org/10.1017/s0029665121000719,,exclude,exclude,exclude,"Protocol, abstract or other non-report"
165,CENTRAL,Haswell CAli APage RHurst RRutherfurd-Markwick K,2022,Acute supplementation of beetroot but not blackcurrant juice manages postprandial blood glucose responses in healthy adults,https://doi.org/10.1017/s0029665122002610,,exclude,exclude,exclude,Other reason not meeting eligibility criteria
166,CENTRAL,Draijer Rde Graaf YSlettenaar Mde Groot EWright CI,2015,Consumption of a polyphenol-rich grape-wine extract lowers ambulatory blood pressure in mildly hypertensive subjects,https://doi.org/10.3390/nu7053138,,include,include,include,
167,CENTRAL,Zibadi SFarid RMoriguchi SLu YFoo LTehrani PMUlreich JBWatson RR,2007,Oral administration of purple passion fruit peel extract attenuates blood pressure in female spontaneously hypertensive rats and humans,https://doi.org/10.1016/j.nutres.2007.05.004,,exclude,include,include,Animal or in vitro study
168,CENTRAL,Bub AMalpuech-Brug&egrave,2019,A Dietary Intervention of Bioactive Enriched Foods Aimed at Adults at Risk of Metabolic Syndrome: protocol and Results from PATHWAY-27 Pilot Study,https://doi.org/10.3390/nu11081814,,exclude,exclude,exclude,"Protocol, abstract or other non-report"
169,CENTRAL,nan,2016,The Effects of Aronia Juice Polyphenols on Cardiovascular Disease Risk,nan,,exclude,exclude,exclude,"Protocol, abstract or other non-report"
170,CENTRAL,nan,2020,Effect of A&ccedil;a&iacute; Ju&ccedil;ara Consumption on Endothelial Function and Arterial Stiffness,nan,,exclude,exclude,exclude,"Protocol, abstract or other non-report"
171,CENTRAL,Khan FRay SCraigie AMKennedy GHill ABarton KLBroughton JBelch JJ,2014,Lowering of oxidative stress improves endothelial function in healthy subjects with habitually low intake of fruit and vegetables: a randomized controlled trial of antioxidant- and polyphenol-rich blackcurrant juice,https://doi.org/10.1016/j.freeradbiomed.2014.04.006,,include,include,include,
172,CENTRAL,Thanasatirakul P,2015,The effects of roselle flower tea (hibiscus sabdariffa extract) on home blood pressure in patients with mild hypertension: a randomized double blinded placebo controlled trial,https://doi.org/10.14457/cu.the.2015.725,,include,include,include,
173,CENTRAL,nan,2022,What is the effect of 12 weeks of supplementation with beetroot compounds and blackcurrant anthocynanins on glucose control in adults who are prediabetic?,nan,,exclude,exclude,exclude,"Protocol, abstract or other non-report"
174,CENTRAL,Willems MBilgic PMontanari SSahin M,1967,Intake duration effects of New Zealand blackcurrant extract on cardiovascular responses during moderate intensity exercise in males,https://doi.org/10.1093/cdn/nzz043.p23-015-19,,exclude,exclude,exclude,"Protocol, abstract or other non-report"
175,CENTRAL,Barker AEDougherty MPCamire ME,2006,Wild blueberry consumption and risks for cardiovascular disease,https://doi.org/10.1096/fasebj.20.5.a1017-b,,exclude,exclude,exclude,"Protocol, abstract or other non-report"
176,CENTRAL,nan,2015,The effects of daily blackcurrant consumption for 6 weeks on cognitive performance before and after exercise-induced physical fatigue,nan,,exclude,exclude,exclude,"Protocol, abstract or other non-report"
177,CENTRAL,Zibadi STehrani PMMoriguchi SYinrong LLai YFFaridhosseini RWatson RR,2006,Antihypertensive effects of purple passion fruit peel extract in rats and humans,https://doi.org/10.1096/fasebj.20.4.a576-b,,exclude,include,include,Animal or in vitro study
178,CENTRAL,nan,2018,Use of Coconut Nourish and Queen Garnet Plum to Improve Health in an Elderly Population,nan,,exclude,exclude,exclude,"Protocol, abstract or other non-report"
179,CENTRAL,nan,2018,Investigating the Acute Effects of Blueberry (Poly)Phenols on Vascular Function and Cognition in Healthy Individuals,nan,,exclude,exclude,exclude,"Protocol, abstract or other non-report"
180,CENTRAL,nan,2012,Study of Chokeberry to Reduce Cardiovascular Disease Risk in Former Smokers,nan,,exclude,exclude,exclude,"Protocol, abstract or other non-report"
181,CENTRAL,nan,2015,Effects of Cranberry Consumption in Vascular Function in Healthy Individuals,nan,,exclude,exclude,exclude,"Protocol, abstract or other non-report"
182,CENTRAL,nan,2015,Investigation on the Sustained Effect of Anthocyanins on Endothelial Function in Postmenopausal Women,nan,,exclude,exclude,exclude,"Protocol, abstract or other non-report"
183,CENTRAL,nan,2015,"Effects of Blueberry-polyphenols on Endothelial Function, Absorption and Metabolism",nan,,exclude,exclude,exclude,"Protocol, abstract or other non-report"
184,CENTRAL,Finkel MLSanchez SMak TGranstein JLefkowitz A,2013,Anthocyanin-Rich Purple Corn Extract and Its Effects on the Blood Pressure of Adults,https://doi.org/10.1177/2156587213482942,,include,include,include,
185,CENTRAL,nan,2018,To Assess the Influence of Aronox on Parameters Associated With Recovery Following Muscle Damaging Exercise,nan,,exclude,exclude,exclude,"Protocol, abstract or other non-report"
186,CENTRAL,Rautiainen SWang LLee I-MBuring JESesso HD,2017,Longitudinal changes in berry intake and the risk of cardiovascular disease in women,nan,,exclude,exclude,exclude,Observational design
187,CENTRAL,Lewis JEMelillo ABTiozzo EChen LLeonard SHowell MDiaz JGonzalez KWoolger JMKonefal JPaterson EBarnes D,2014,"A double-blind, randomized clinical trial of dietary supplementation on cognitive and immune functioning in healthy older adults",https://doi.org/10.1186/1472-6882-14-43,,exclude,exclude,exclude,Other reason not meeting eligibility criteria
188,CENTRAL,Johnson SANavaei NPourafshar SJaime SJAkhavan NSAlvarez-Alvarado SLitwin NSElam MLPayton MEArjmandi BHFigueroa A,2017,"Effects of tart cherry juice on brachial and aortic hemodynamics, arterial stiffness, and blood biomarkers of cardiovascular health in adults with metabolic syndrome",nan,,exclude,include,include,Other reason not meeting eligibility criteria
189,CENTRAL,nan,2018,Aronia Berry Consumption on Blood Pressure,nan,,exclude,exclude,exclude,"Protocol, abstract or other non-report"
190,CENTRAL,nan,2017,Aronia Berry Consumption on Vascular Function,nan,,exclude,exclude,exclude,"Protocol, abstract or other non-report"
191,CENTRAL,Castro-Acosta MLStone SGMok JEMhajan RKFu C-ILenihan-Geels GNHall WL,2016,Acute effects of apple and blackcurrant polyphenol-rich extracts on postprandial glycaemia and vascular function in healthy men and women,https://doi.org/10.1017/s0029665116000355,,exclude,exclude,exclude,"Protocol, abstract or other non-report"
192,CENTRAL,Sutulic SBosch CMarshall LBordoni AHingyi HMuller MOrfila C,2016,Effects of a 4-week intervention with ready-made bioactive enriched pancakes on biomarkers of the metabolic syndrome,https://doi.org/10.1017/s0029665116000513,,exclude,exclude,exclude,"Protocol, abstract or other non-report"
193,CENTRAL,McAnulty LPike JCollier SRThompson KLMcAnulty SR,2018,Time course of blueberry ingestion on measures of arterial stiffness and blood pressure,nan,,exclude,exclude,exclude,"Protocol, abstract or other non-report"
194,CENTRAL,nan,2019,Investigating the Effects of Daily Consumption of Blueberry (Poly)Phenols on Vascular Function and Cognitive Performance,nan,,exclude,exclude,exclude,"Protocol, abstract or other non-report"
195,CENTRAL,nan,2015,Anthocyanin-rich Blackcurrant and Vascular Function,nan,,exclude,exclude,exclude,"Protocol, abstract or other non-report"
196,CENTRAL,nan,2016,Purified Anthocyanins Supplementation and High-Density Lipoprotein (HDL) Function,nan,,exclude,exclude,exclude,"Protocol, abstract or other non-report"
197,CENTRAL,nan,2017,Dose-Dependent Effects of Anthocyanins on Endothelial Function in Healthy Men,nan,,exclude,exclude,exclude,"Protocol, abstract or other non-report"
198,CENTRAL,nan,2019,Effects of Aronia Berries on Vascular Endothelial Function and the Gut Microbiota in Middle-Aged/Older Adults,nan,,exclude,exclude,exclude,"Protocol, abstract or other non-report"
199,CENTRAL,nan,2012,The Effects of California Strawberries on Parameters of Cardiovascular Health,nan,,exclude,exclude,exclude,"Protocol, abstract or other non-report"
200,CENTRAL,nan,2016,Cranberry (Poly)Phenol Consumption on Vascular Function,nan,,exclude,exclude,exclude,"Protocol, abstract or other non-report"
201,CENTRAL,Igwe EOCharlton KERoodenrys SKent KNetzel MFanning K,2017,"Acute effect of Queen Garnet plum juice on blood pressure, cognition, and urinary metabolite excretion",https://doi.org/10.1016/j.jnim.2017.04.081,,exclude,exclude,exclude,"Protocol, abstract or other non-report"
202,CENTRAL,nan,2021,EFFICACY OF MORUS ALBA FRUIT EXTRACTS AND CHLORHEXIDINE ON SALIVARY STREPTOCOCCUS MUTANS AND pH LEVELS,nan,,exclude,exclude,exclude,Other reason not meeting eligibility criteria
203,CENTRAL,nan,2022,Comparison of Plant-based or Animal-based Protein on Anthropocentric and Metabolic Parameters in Obese Subjects,nan,,exclude,exclude,exclude,"Protocol, abstract or other non-report"
204,CENTRAL,nan,2012,"Flavonoids, Blood Pressure and Blood Vessel Function",nan,,exclude,exclude,exclude,"Protocol, abstract or other non-report"
